Name,Growth_Rate,Country,Revenue_Cr,Domain,Listed
Company_1,31.2,Canada,99.88,Logistics,Yes
Company_2,55.65,India,86.44,HealthTech,Yes
Company_3,85.28,Germany,80.0,HealthTech,No
Company_4,-3.79,UAE,417.9,EdTech,No
Company_5,10.0,Canada,312.57,FinTech,No
Company_6,-9.22,USA,152.7,HealthTech,Yes
Company_7,5.34,Germany,487.14,Marketing,No
Company_8,-0.03,Singapore,107.84,Marketing,No
Company_9,55.17,UK,431.37,Marketing,Yes
Company_10,39.55,India,474.95,E-commerce,No
Company_11,78.92,USA,17.82,FinTech,No
Company_12,16.51,Germany,69.8,AI/ML,No
Company_13,-6.22,Singapore,201.62,FinTech,No
Company_14,73.09,Singapore,264.83,FinTech,No
Company_15,10.33,Australia,422.72,E-commerce,No
Company_16,33.47,Germany,302.97,Logistics,Yes
Company_17,-0.27,Australia,265.21,EdTech,No
Company_18,82.9,Canada,142.96,AI/ML,No
Company_19,29.24,Germany,307.45,AI/ML,Yes
Company_20,22.59,Canada,46.53,Marketing,Yes
Company_21,74.95,Germany,153.81,Marketing,Yes
Company_22,11.87,UAE,367.21,SaaS,Yes
Company_23,-1.86,Australia,329.03,E-commerce,Yes
Company_24,83.5,Germany,172.14,Logistics,Yes
Company_25,24.21,UAE,336.3,E-commerce,No
Company_26,20.22,UK,241.39,AI/ML,Yes
Company_27,68.46,USA,363.65,Marketing,Yes
Company_28,18.17,UK,266.14,Marketing,No
Company_29,-7.2,Canada,108.84,Logistics,Yes
Company_30,42.29,Canada,259.2,EdTech,Yes
Company_31,17.42,Canada,274.52,AI/ML,No
Company_32,93.71,Australia,151.98,EdTech,No
Company_33,92.27,Canada,154.86,AI/ML,No
Company_34,40.22,Germany,101.42,EdTech,No
Company_35,49.33,India,69.82,SaaS,Yes
Company_36,89.75,USA,121.69,EdTech,Yes
Company_37,79.98,USA,159.34,EdTech,No
Company_38,48.75,Singapore,118.83,HealthTech,No
Company_39,27.14,Australia,92.46,Logistics,No
Company_40,51.39,Germany,188.18,SaaS,No
Company_41,95.87,Singapore,351.19,HealthTech,Yes
Company_42,6.29,UAE,28.07,SaaS,No
Company_43,45.29,Singapore,26.19,Logistics,Yes
Company_44,59.78,Singapore,81.0,E-commerce,No
Company_45,98.42,UAE,300.42,Marketing,Yes
Company_46,30.66,USA,366.83,Logistics,Yes
Company_47,59.55,Singapore,205.42,Marketing,No
Company_48,77.82,USA,167.18,EdTech,No
Company_49,-5.51,Germany,169.72,E-commerce,Yes
Company_50,68.23,Australia,120.98,Logistics,Yes
Company_51,9.18,USA,204.81,Marketing,No
Company_52,82.15,UK,177.12,SaaS,No
Company_53,91.72,Singapore,350.93,Marketing,No
Company_54,9.25,UAE,282.05,E-commerce,Yes
Company_55,16.6,UAE,483.06,AI/ML,Yes
Company_56,87.09,Australia,176.12,HealthTech,Yes
Company_57,69.86,UK,429.6,EdTech,No
Company_58,87.65,Germany,51.23,Logistics,No
Company_59,88.84,Germany,294.54,Logistics,No
Company_60,93.41,USA,12.48,Logistics,No
Company_61,50.36,Singapore,229.73,AI/ML,Yes
Company_62,9.35,Germany,126.25,AI/ML,No
Company_63,72.11,UAE,374.64,HealthTech,Yes
Company_64,23.89,UAE,55.9,HealthTech,No
Company_65,19.17,Singapore,299.04,EdTech,Yes
Company_66,43.54,UAE,319.26,FinTech,Yes
Company_67,45.29,Germany,337.77,SaaS,Yes
Company_68,15.32,UAE,147.58,HealthTech,No
Company_69,61.0,USA,497.33,EdTech,Yes
Company_70,20.75,Singapore,191.38,SaaS,Yes
Company_71,92.12,USA,280.85,Marketing,Yes
Company_72,97.84,Germany,154.28,AI/ML,No
Company_73,83.63,UAE,247.79,FinTech,Yes
Company_74,33.42,Singapore,351.05,Logistics,No
Company_75,0.69,UAE,338.86,Marketing,No
Company_76,17.96,India,439.91,SaaS,No
Company_77,66.67,UK,357.37,Marketing,Yes
Company_78,22.62,India,406.96,SaaS,No
Company_79,90.46,India,12.54,E-commerce,Yes
Company_80,11.37,UAE,353.96,Logistics,No
Company_81,87.9,Australia,23.53,FinTech,No
Company_82,38.23,Australia,27.61,SaaS,No
Company_83,49.69,Canada,421.08,FinTech,No
Company_84,17.53,India,413.07,EdTech,Yes
Company_85,3.98,USA,415.66,E-commerce,No
Company_86,96.18,Australia,51.82,AI/ML,No
Company_87,48.45,Australia,352.76,Logistics,No
Company_88,4.6,India,262.99,EdTech,Yes
Company_89,77.47,Australia,222.43,FinTech,Yes
Company_90,17.59,India,481.7,Marketing,Yes
Company_91,66.56,Canada,38.51,FinTech,Yes
Company_92,38.66,UAE,279.12,Logistics,Yes
Company_93,62.62,Canada,322.75,AI/ML,Yes
Company_94,62.28,Canada,309.74,Marketing,Yes
Company_95,17.25,UAE,87.74,EdTech,Yes
Company_96,27.61,Germany,32.54,SaaS,No
Company_97,84.1,Germany,95.91,Logistics,No
Company_98,73.97,Canada,242.0,SaaS,No
Company_99,37.72,Australia,33.55,EdTech,Yes
Company_100,87.53,Germany,193.56,FinTech,Yes
Company_101,45.34,USA,274.29,AI/ML,No
Company_102,57.74,UAE,324.79,SaaS,No
Company_103,54.44,UK,402.47,E-commerce,No
Company_104,53.07,USA,234.54,HealthTech,Yes
Company_105,93.56,UK,412.01,Logistics,No
Company_106,12.74,Canada,43.99,Marketing,No
Company_107,-8.0,UK,312.94,Marketing,Yes
Company_108,62.13,Canada,423.99,FinTech,No
Company_109,79.59,USA,253.06,FinTech,Yes
Company_110,28.32,UK,439.96,E-commerce,Yes
Company_111,78.38,USA,278.51,AI/ML,Yes
Company_112,52.54,UK,495.35,Logistics,No
Company_113,30.92,Australia,294.47,Marketing,No
Company_114,51.81,Germany,220.21,AI/ML,Yes
Company_115,73.0,USA,195.09,SaaS,No
Company_116,44.62,USA,166.82,HealthTech,Yes
Company_117,32.81,Germany,479.69,HealthTech,No
Company_118,29.04,Germany,475.53,Logistics,No
Company_119,53.08,Australia,50.81,AI/ML,Yes
Company_120,56.27,Germany,339.53,E-commerce,Yes
Company_121,77.07,USA,65.6,AI/ML,No
Company_122,97.17,Singapore,279.27,AI/ML,Yes
Company_123,87.65,UK,355.86,Marketing,No
Company_124,65.68,India,312.93,AI/ML,No
Company_125,-0.75,Canada,119.06,SaaS,No
Company_126,88.11,India,49.86,AI/ML,No
Company_127,98.53,UAE,432.94,EdTech,No
Company_128,16.04,Australia,493.14,E-commerce,No
Company_129,31.39,Australia,246.02,E-commerce,No
Company_130,67.56,India,454.11,Marketing,No
Company_131,44.19,Canada,208.55,EdTech,No
Company_132,71.51,UAE,67.59,SaaS,Yes
Company_133,72.06,Canada,126.38,SaaS,Yes
Company_134,42.55,USA,435.61,EdTech,Yes
Company_135,95.95,Germany,489.17,AI/ML,Yes
Company_136,25.5,UAE,268.57,HealthTech,No
Company_137,-1.88,UK,350.75,SaaS,No
Company_138,8.28,USA,350.92,Marketing,Yes
Company_139,59.03,Singapore,198.26,Marketing,Yes
Company_140,90.68,India,475.7,Logistics,No
Company_141,40.12,Germany,174.47,FinTech,No
Company_142,61.15,UAE,183.14,FinTech,No
Company_143,-1.45,USA,137.38,HealthTech,No
Company_144,-6.45,USA,161.67,E-commerce,Yes
Company_145,65.32,Canada,75.26,HealthTech,Yes
Company_146,93.46,UK,365.6,Marketing,Yes
Company_147,36.01,UAE,439.56,HealthTech,Yes
Company_148,8.13,UAE,194.47,SaaS,No
Company_149,98.6,USA,194.6,FinTech,Yes
Company_150,33.23,UK,422.64,AI/ML,Yes
Company_151,41.56,UK,75.59,AI/ML,No
Company_152,-1.71,Germany,408.32,Marketing,Yes
Company_153,99.63,Canada,296.72,AI/ML,Yes
Company_154,73.28,UK,131.2,EdTech,Yes
Company_155,4.21,UK,144.62,E-commerce,No
Company_156,86.6,UAE,312.88,E-commerce,Yes
Company_157,2.49,India,254.1,EdTech,No
Company_158,81.45,India,427.57,EdTech,No
Company_159,51.7,Singapore,397.99,SaaS,No
Company_160,42.81,Australia,380.02,AI/ML,No
Company_161,67.45,UK,452.54,Logistics,No
Company_162,97.85,India,299.06,EdTech,Yes
Company_163,38.12,Australia,365.93,SaaS,No
Company_164,39.6,Australia,204.31,Marketing,No
Company_165,84.86,Canada,400.27,FinTech,No
Company_166,82.63,USA,136.54,Logistics,Yes
Company_167,97.8,Canada,180.23,EdTech,Yes
Company_168,53.76,UK,47.17,SaaS,Yes
Company_169,4.09,Australia,206.15,Logistics,No
Company_170,9.81,Germany,179.38,HealthTech,No
Company_171,42.14,Canada,486.82,AI/ML,No
Company_172,14.62,Canada,92.78,E-commerce,No
Company_173,9.47,Canada,278.87,AI/ML,Yes
Company_174,29.16,Singapore,188.49,EdTech,No
Company_175,65.94,USA,55.22,Marketing,Yes
Company_176,65.66,UAE,438.05,Marketing,No
Company_177,-3.28,India,435.47,Logistics,Yes
Company_178,55.7,Germany,112.58,Marketing,No
Company_179,43.3,India,382.38,EdTech,No
Company_180,69.26,India,27.97,Logistics,Yes
Company_181,68.47,Australia,423.78,HealthTech,Yes
Company_182,-6.65,India,229.23,HealthTech,Yes
Company_183,16.67,USA,371.33,E-commerce,No
Company_184,52.04,USA,113.61,FinTech,No
Company_185,3.17,USA,178.03,SaaS,No
Company_186,29.06,USA,254.24,Marketing,No
Company_187,49.08,India,283.29,Logistics,Yes
Company_188,52.09,India,149.05,EdTech,No
Company_189,61.05,India,129.73,HealthTech,Yes
Company_190,26.34,USA,126.24,EdTech,Yes
Company_191,6.81,Australia,249.03,EdTech,Yes
Company_192,-0.33,Singapore,94.95,Marketing,Yes
Company_193,-1.17,UK,18.94,AI/ML,No
Company_194,99.7,Singapore,204.95,E-commerce,Yes
Company_195,85.21,Singapore,487.78,EdTech,No
Company_196,69.52,Singapore,465.39,Marketing,Yes
Company_197,52.88,UK,420.91,AI/ML,No
Company_198,96.48,Germany,218.46,SaaS,No
Company_199,16.67,Australia,356.54,EdTech,No
Company_200,-0.4,Singapore,85.64,E-commerce,Yes
Company_201,48.58,USA,190.92,Logistics,No
Company_202,50.35,India,495.08,AI/ML,No
Company_203,79.09,USA,78.02,SaaS,Yes
Company_204,2.84,Australia,241.07,Marketing,Yes
Company_205,28.38,USA,426.86,E-commerce,No
Company_206,34.94,Canada,368.13,SaaS,No
Company_207,9.94,UK,463.96,Logistics,No
Company_208,-4.71,Canada,78.49,SaaS,Yes
Company_209,12.18,Singapore,414.32,AI/ML,Yes
Company_210,15.93,Singapore,266.3,E-commerce,Yes
Company_211,86.49,USA,344.66,Logistics,Yes
Company_212,68.52,UAE,236.71,EdTech,Yes
Company_213,72.24,Australia,292.97,SaaS,Yes
Company_214,33.06,India,276.34,Logistics,No
Company_215,58.67,UK,221.45,HealthTech,Yes
Company_216,70.36,India,78.24,Marketing,Yes
Company_217,58.21,Germany,373.32,HealthTech,No
Company_218,99.75,USA,162.74,AI/ML,Yes
Company_219,71.83,Singapore,110.23,FinTech,No
Company_220,44.34,India,177.62,EdTech,Yes
Company_221,2.17,Germany,233.93,E-commerce,No
Company_222,45.25,UAE,83.46,Marketing,No
Company_223,69.45,India,15.98,HealthTech,Yes
Company_224,52.21,India,133.38,AI/ML,No
Company_225,9.98,India,177.84,EdTech,No
Company_226,36.6,India,474.17,E-commerce,No
Company_227,54.49,Singapore,59.39,SaaS,Yes
Company_228,69.87,UK,466.74,E-commerce,No
Company_229,66.63,UAE,21.28,Marketing,No
Company_230,74.84,Australia,307.29,EdTech,Yes
Company_231,71.01,UAE,421.82,HealthTech,Yes
Company_232,3.51,Canada,492.57,EdTech,No
Company_233,3.71,USA,172.75,EdTech,Yes
Company_234,15.01,Australia,205.51,SaaS,Yes
Company_235,26.87,Germany,396.02,FinTech,Yes
Company_236,2.57,Germany,273.32,HealthTech,No
Company_237,28.1,India,245.61,HealthTech,Yes
Company_238,54.58,UK,231.7,HealthTech,No
Company_239,9.4,Australia,91.1,AI/ML,No
Company_240,24.26,Canada,294.49,EdTech,No
Company_241,-8.56,Canada,262.44,SaaS,No
Company_242,40.49,Germany,213.17,E-commerce,Yes
Company_243,99.66,USA,156.8,Logistics,Yes
Company_244,33.7,UK,112.85,HealthTech,No
Company_245,12.57,Canada,316.24,AI/ML,No
Company_246,82.02,UK,42.2,EdTech,Yes
Company_247,39.86,India,271.88,SaaS,No
Company_248,44.67,UK,86.07,SaaS,No
Company_249,84.8,Australia,379.09,FinTech,No
Company_250,88.72,India,210.28,Marketing,Yes
Company_251,7.18,India,434.83,Logistics,Yes
Company_252,50.69,UK,123.23,HealthTech,Yes
Company_253,-7.83,Singapore,176.24,AI/ML,Yes
Company_254,87.62,Germany,126.71,FinTech,Yes
Company_255,16.75,Singapore,305.57,EdTech,Yes
Company_256,95.89,Germany,337.36,AI/ML,No
Company_257,22.25,UAE,52.59,FinTech,Yes
Company_258,70.95,Canada,23.0,AI/ML,Yes
Company_259,54.13,Germany,354.93,SaaS,Yes
Company_260,58.72,UK,137.12,FinTech,Yes
Company_261,54.93,Germany,417.02,AI/ML,No
Company_262,75.12,USA,223.7,E-commerce,Yes
Company_263,94.33,Singapore,392.08,SaaS,No
Company_264,52.24,UK,448.33,Logistics,No
Company_265,36.77,UK,261.1,SaaS,No
Company_266,66.87,USA,136.36,EdTech,No
Company_267,81.84,Germany,74.82,AI/ML,Yes
Company_268,66.03,Canada,19.01,FinTech,No
Company_269,2.95,Germany,254.06,FinTech,Yes
Company_270,34.58,Singapore,416.57,Marketing,Yes
Company_271,-8.79,Canada,139.21,Marketing,No
Company_272,70.54,India,304.25,SaaS,Yes
Company_273,9.29,Canada,420.67,AI/ML,No
Company_274,74.8,Singapore,33.01,E-commerce,No
Company_275,71.18,UK,54.27,HealthTech,No
Company_276,-2.49,UK,151.46,Logistics,No
Company_277,69.1,Australia,309.1,EdTech,No
Company_278,33.63,UAE,469.05,AI/ML,No
Company_279,13.64,Germany,274.52,HealthTech,Yes
Company_280,82.57,USA,253.22,AI/ML,Yes
Company_281,26.77,India,242.38,SaaS,Yes
Company_282,28.67,USA,252.79,HealthTech,No
Company_283,37.83,Australia,47.21,FinTech,Yes
Company_284,-9.74,UK,143.35,FinTech,No
Company_285,29.71,Germany,405.64,SaaS,Yes
Company_286,76.9,USA,228.54,Marketing,No
Company_287,49.61,UAE,381.61,Marketing,Yes
Company_288,73.49,Canada,349.22,EdTech,No
Company_289,17.46,USA,326.87,HealthTech,No
Company_290,-4.32,India,29.32,FinTech,No
Company_291,91.78,Australia,282.35,EdTech,No
Company_292,24.41,Australia,351.74,SaaS,Yes
Company_293,91.68,India,216.66,AI/ML,No
Company_294,71.96,Germany,423.83,FinTech,Yes
Company_295,81.18,USA,328.58,Logistics,Yes
Company_296,51.67,Canada,47.71,AI/ML,Yes
Company_297,27.39,Australia,208.2,Marketing,Yes
Company_298,78.44,Germany,397.45,SaaS,Yes
Company_299,58.85,UAE,219.14,E-commerce,No
Company_300,35.93,UK,436.35,EdTech,Yes
Company_301,86.22,Canada,198.14,Logistics,Yes
Company_302,-2.3,Singapore,181.85,EdTech,Yes
Company_303,34.21,Canada,245.09,Logistics,No
Company_304,19.89,USA,386.45,SaaS,Yes
Company_305,36.35,Canada,368.81,SaaS,Yes
Company_306,41.4,UAE,150.75,E-commerce,No
Company_307,15.7,USA,145.86,AI/ML,No
Company_308,-5.04,Australia,198.32,Logistics,No
Company_309,14.01,India,401.01,AI/ML,Yes
Company_310,54.74,Australia,440.77,EdTech,No
Company_311,41.41,Canada,494.7,Marketing,No
Company_312,-2.85,UAE,471.94,Marketing,No
Company_313,56.85,Canada,68.97,HealthTech,No
Company_314,32.25,USA,101.35,HealthTech,No
Company_315,28.51,Canada,318.59,Marketing,Yes
Company_316,47.01,Germany,497.5,AI/ML,Yes
Company_317,33.59,India,250.68,SaaS,No
Company_318,88.72,UK,119.98,Logistics,Yes
Company_319,49.07,USA,448.51,AI/ML,No
Company_320,40.32,UAE,140.14,E-commerce,Yes
Company_321,87.76,USA,427.57,FinTech,Yes
Company_322,26.2,USA,279.92,HealthTech,No
Company_323,34.93,Australia,12.49,HealthTech,Yes
Company_324,-4.63,India,49.71,E-commerce,No
Company_325,65.16,Canada,495.82,FinTech,No
Company_326,87.12,Singapore,300.28,FinTech,Yes
Company_327,28.26,India,276.45,AI/ML,Yes
Company_328,70.73,UAE,400.74,Logistics,No
Company_329,83.56,UK,88.6,AI/ML,Yes
Company_330,16.26,Canada,343.27,Marketing,Yes
Company_331,72.8,Australia,442.0,AI/ML,No
Company_332,41.2,Australia,414.65,FinTech,No
Company_333,26.86,Singapore,455.26,FinTech,No
Company_334,51.18,Canada,258.66,Marketing,No
Company_335,21.57,Singapore,169.95,SaaS,Yes
Company_336,2.74,India,320.66,Logistics,Yes
Company_337,75.78,Singapore,148.84,Marketing,No
Company_338,37.55,India,177.52,E-commerce,Yes
Company_339,92.52,Canada,396.52,E-commerce,No
Company_340,74.79,Germany,157.47,SaaS,No
Company_341,-2.59,India,242.05,EdTech,No
Company_342,-1.78,India,437.05,Logistics,Yes
Company_343,96.58,Germany,327.31,E-commerce,Yes
Company_344,32.2,Canada,20.84,EdTech,Yes
Company_345,43.75,UK,133.73,Marketing,No
Company_346,7.48,India,498.59,SaaS,Yes
Company_347,39.65,Australia,268.24,AI/ML,Yes
Company_348,22.82,UAE,50.37,EdTech,No
Company_349,62.0,UK,435.35,EdTech,No
Company_350,-6.56,Canada,472.37,Logistics,Yes
Company_351,60.24,Singapore,382.45,AI/ML,Yes
Company_352,24.31,India,448.11,Marketing,No
Company_353,13.44,UAE,435.38,Logistics,No
Company_354,51.9,Germany,241.87,Logistics,No
Company_355,10.41,USA,54.67,Logistics,Yes
Company_356,39.91,India,382.9,HealthTech,Yes
Company_357,4.44,Canada,456.8,FinTech,Yes
Company_358,10.4,Australia,245.95,EdTech,Yes
Company_359,3.77,Germany,131.29,SaaS,No
Company_360,14.81,Germany,41.46,EdTech,Yes
Company_361,19.59,UAE,222.29,Logistics,Yes
Company_362,6.45,Canada,45.5,Logistics,No
Company_363,42.79,Australia,363.72,HealthTech,Yes
Company_364,73.28,Germany,392.13,Logistics,Yes
Company_365,42.86,UAE,81.5,E-commerce,Yes
Company_366,52.8,Australia,254.46,EdTech,No
Company_367,67.27,India,390.14,FinTech,No
Company_368,-2.03,USA,53.05,AI/ML,No
Company_369,-6.35,Germany,185.32,Marketing,No
Company_370,97.52,India,347.84,FinTech,Yes
Company_371,12.02,Australia,338.49,Logistics,Yes
Company_372,3.66,UK,25.48,EdTech,Yes
Company_373,-4.28,UAE,156.43,E-commerce,No
Company_374,94.21,Germany,402.85,EdTech,Yes
Company_375,79.63,Australia,333.8,Logistics,No
Company_376,55.72,Singapore,231.64,HealthTech,Yes
Company_377,47.9,India,224.92,FinTech,No
Company_378,55.26,Germany,88.18,AI/ML,Yes
Company_379,14.11,Australia,240.39,AI/ML,No
Company_380,85.9,Canada,332.77,HealthTech,No
Company_381,51.09,India,330.1,AI/ML,No
Company_382,49.67,UK,328.66,FinTech,Yes
Company_383,64.83,Canada,215.02,Marketing,Yes
Company_384,82.45,USA,435.45,Marketing,No
Company_385,71.7,Germany,318.09,E-commerce,No
Company_386,74.45,Germany,29.65,SaaS,Yes
Company_387,53.65,Germany,24.4,FinTech,No
Company_388,56.68,Australia,451.34,EdTech,Yes
Company_389,20.45,UK,149.09,AI/ML,No
Company_390,32.22,India,319.46,Marketing,Yes
Company_391,4.47,UAE,208.6,EdTech,Yes
Company_392,59.58,Singapore,485.98,Marketing,Yes
Company_393,83.98,Canada,224.21,EdTech,No
Company_394,34.55,Singapore,262.26,SaaS,No
Company_395,55.22,Singapore,329.54,SaaS,Yes
Company_396,33.9,UK,331.8,Marketing,Yes
Company_397,75.08,UAE,204.36,Marketing,Yes
Company_398,15.81,India,46.01,EdTech,No
Company_399,47.18,India,338.0,SaaS,Yes
Company_400,39.44,UAE,312.4,SaaS,Yes
Company_401,8.37,Germany,195.89,HealthTech,Yes
Company_402,29.24,Germany,242.57,SaaS,No
Company_403,78.62,Germany,433.47,EdTech,No
Company_404,49.39,Germany,142.18,FinTech,Yes
Company_405,48.43,Germany,35.33,SaaS,Yes
Company_406,14.72,Canada,467.6,AI/ML,Yes
Company_407,45.8,Singapore,347.22,E-commerce,Yes
Company_408,42.79,UK,12.42,FinTech,Yes
Company_409,60.3,USA,294.25,Logistics,Yes
Company_410,47.39,Australia,336.76,E-commerce,Yes
Company_411,-6.7,Canada,80.34,FinTech,No
Company_412,70.62,UAE,485.26,SaaS,Yes
Company_413,63.99,UAE,124.94,Marketing,No
Company_414,18.08,USA,420.68,FinTech,Yes
Company_415,65.16,India,129.63,FinTech,No
Company_416,85.11,USA,24.89,Logistics,Yes
Company_417,65.85,USA,304.3,Marketing,No
Company_418,80.95,UAE,329.1,FinTech,No
Company_419,62.36,India,306.43,Marketing,Yes
Company_420,85.31,USA,436.67,SaaS,Yes
Company_421,52.37,USA,63.46,FinTech,Yes
Company_422,74.17,Germany,337.12,EdTech,No
Company_423,73.85,USA,165.43,AI/ML,Yes
Company_424,31.32,Singapore,276.8,SaaS,Yes
Company_425,25.7,Germany,308.82,Marketing,Yes
Company_426,31.85,Canada,229.86,SaaS,No
Company_427,31.06,Germany,17.19,HealthTech,Yes
Company_428,8.53,Singapore,313.55,EdTech,Yes
Company_429,31.78,India,476.22,FinTech,No
Company_430,90.57,Canada,177.21,E-commerce,Yes
Company_431,33.87,Canada,130.57,E-commerce,Yes
Company_432,33.38,Australia,408.36,FinTech,No
Company_433,95.11,Canada,412.97,HealthTech,Yes
Company_434,88.64,Canada,450.03,SaaS,No
Company_435,91.97,Australia,106.61,AI/ML,No
Company_436,11.4,Singapore,248.08,Logistics,Yes
Company_437,21.34,UK,465.51,E-commerce,Yes
Company_438,53.9,India,309.06,FinTech,No
Company_439,19.99,Germany,413.36,EdTech,Yes
Company_440,3.55,Germany,98.9,AI/ML,Yes
Company_441,68.0,UAE,398.77,AI/ML,No
Company_442,90.95,Germany,246.94,Marketing,No
Company_443,50.52,UAE,267.98,Marketing,Yes
Company_444,-9.72,Singapore,411.4,EdTech,No
Company_445,15.09,USA,326.84,Logistics,No
Company_446,29.68,India,451.01,Logistics,Yes
Company_447,16.06,Canada,158.01,Logistics,Yes
Company_448,83.63,Australia,337.1,FinTech,Yes
Company_449,58.62,USA,217.73,AI/ML,Yes
Company_450,15.88,Germany,432.77,Marketing,Yes
Company_451,0.53,UAE,163.01,HealthTech,No
Company_452,12.68,UK,123.65,EdTech,Yes
Company_453,55.39,Singapore,79.47,Logistics,Yes
Company_454,55.68,India,208.12,EdTech,Yes
Company_455,68.94,USA,17.75,Logistics,No
Company_456,80.06,Germany,364.93,FinTech,No
Company_457,20.16,Singapore,139.8,AI/ML,Yes
Company_458,55.53,USA,168.45,HealthTech,No
Company_459,29.05,Germany,226.78,E-commerce,No
Company_460,63.66,Germany,124.52,AI/ML,No
Company_461,86.81,India,343.26,E-commerce,Yes
Company_462,40.25,Singapore,338.05,Marketing,No
Company_463,62.8,USA,497.79,Marketing,No
Company_464,26.69,Singapore,285.53,E-commerce,Yes
Company_465,9.28,Australia,379.87,Marketing,No
Company_466,35.04,Singapore,230.68,Logistics,No
Company_467,28.23,Germany,490.81,HealthTech,No
Company_468,32.08,Australia,205.66,Logistics,No
Company_469,99.17,UAE,386.61,SaaS,Yes
Company_470,63.87,Germany,315.56,FinTech,No
Company_471,73.08,USA,308.16,E-commerce,No
Company_472,7.52,Canada,27.72,SaaS,Yes
Company_473,18.94,India,196.65,FinTech,Yes
Company_474,16.3,USA,159.71,E-commerce,No
Company_475,39.19,Germany,437.93,EdTech,Yes
Company_476,76.49,Australia,496.16,AI/ML,No
Company_477,12.94,Australia,204.62,EdTech,No
Company_478,59.07,Singapore,440.21,EdTech,No
Company_479,78.65,UAE,113.87,EdTech,Yes
Company_480,25.48,UK,95.03,FinTech,Yes
Company_481,28.07,Germany,290.79,FinTech,Yes
Company_482,53.27,Canada,432.39,E-commerce,Yes
Company_483,43.58,Singapore,450.15,EdTech,Yes
Company_484,24.93,UK,205.34,SaaS,Yes
Company_485,30.43,UAE,244.33,E-commerce,Yes
Company_486,15.58,Canada,279.27,Logistics,No
Company_487,37.57,Canada,468.86,E-commerce,No
Company_488,20.55,Australia,324.0,AI/ML,Yes
Company_489,58.15,Germany,188.75,Marketing,Yes
Company_490,52.09,India,235.3,FinTech,No
Company_491,99.44,Canada,313.55,Marketing,Yes
Company_492,37.34,USA,79.7,SaaS,No
Company_493,23.36,UK,97.11,Logistics,No
Company_494,57.99,Germany,498.38,SaaS,Yes
Company_495,57.67,Germany,95.14,E-commerce,No
Company_496,83.28,India,74.05,E-commerce,Yes
Company_497,39.48,Canada,183.58,HealthTech,No
Company_498,42.98,Australia,369.47,EdTech,Yes
Company_499,-8.79,India,75.56,AI/ML,No
Company_500,76.94,Canada,382.54,FinTech,No
Company_501,48.88,USA,168.52,FinTech,No
Company_502,59.22,Canada,402.75,AI/ML,No
Company_503,43.66,UK,140.27,HealthTech,Yes
Company_504,44.93,UAE,58.06,FinTech,No
Company_505,6.51,Germany,129.3,FinTech,No
Company_506,79.18,Canada,203.29,EdTech,No
Company_507,76.35,Canada,75.24,Logistics,Yes
Company_508,62.46,USA,347.19,E-commerce,No
Company_509,18.01,India,465.86,Logistics,No
Company_510,75.93,Germany,322.23,FinTech,No
Company_511,88.46,UAE,121.21,SaaS,No
Company_512,39.57,Canada,83.58,Logistics,No
Company_513,46.34,Canada,33.44,Logistics,Yes
Company_514,72.08,USA,45.32,Logistics,Yes
Company_515,-8.67,Canada,259.2,Logistics,No
Company_516,40.81,Germany,181.35,Marketing,Yes
Company_517,62.75,Germany,183.87,FinTech,Yes
Company_518,50.46,Singapore,384.54,Logistics,No
Company_519,-7.7,UAE,262.18,SaaS,Yes
Company_520,76.07,UAE,316.09,FinTech,Yes
Company_521,12.63,USA,135.15,E-commerce,No
Company_522,-2.38,USA,269.85,EdTech,Yes
Company_523,96.53,Canada,71.36,HealthTech,No
Company_524,2.54,Canada,295.39,Marketing,No
Company_525,79.29,Germany,86.75,FinTech,Yes
Company_526,2.19,India,120.06,SaaS,No
Company_527,37.53,Germany,200.44,FinTech,No
Company_528,20.12,Germany,69.54,Logistics,Yes
Company_529,87.56,UAE,496.28,FinTech,No
Company_530,24.86,Australia,424.79,SaaS,Yes
Company_531,17.75,Canada,118.32,EdTech,No
Company_532,72.3,Singapore,390.46,E-commerce,No
Company_533,9.52,Singapore,379.06,SaaS,No
Company_534,49.35,Canada,90.76,AI/ML,Yes
Company_535,69.86,UK,482.91,Marketing,Yes
Company_536,6.57,Germany,369.07,HealthTech,Yes
Company_537,54.94,UAE,309.85,EdTech,Yes
Company_538,6.67,Singapore,437.93,Marketing,Yes
Company_539,73.72,Australia,88.82,FinTech,No
Company_540,79.29,Germany,365.97,SaaS,No
Company_541,0.91,UAE,441.11,FinTech,Yes
Company_542,24.2,Canada,369.2,Marketing,Yes
Company_543,10.68,USA,193.88,SaaS,No
Company_544,47.66,India,382.89,EdTech,No
Company_545,72.03,Singapore,377.28,AI/ML,Yes
Company_546,64.62,UAE,82.96,Marketing,No
Company_547,86.43,Canada,71.11,Marketing,Yes
Company_548,60.77,India,444.24,HealthTech,No
Company_549,33.07,Canada,10.92,Marketing,Yes
Company_550,-6.8,Singapore,184.19,SaaS,Yes
Company_551,0.23,Australia,438.39,AI/ML,No
Company_552,69.57,Canada,294.19,Marketing,No
Company_553,51.67,Singapore,248.43,EdTech,No
Company_554,56.24,Germany,414.27,SaaS,Yes
Company_555,-1.52,Singapore,350.75,E-commerce,No
Company_556,98.02,Canada,396.42,Logistics,Yes
Company_557,38.42,Germany,69.96,SaaS,Yes
Company_558,15.94,Australia,118.1,HealthTech,No
Company_559,70.92,UK,369.47,EdTech,Yes
Company_560,9.08,Singapore,321.73,Logistics,Yes
Company_561,3.02,Singapore,495.65,E-commerce,Yes
Company_562,71.4,India,298.01,SaaS,No
Company_563,29.85,India,90.99,HealthTech,Yes
Company_564,54.44,Singapore,143.8,SaaS,Yes
Company_565,22.86,Canada,37.51,HealthTech,No
Company_566,14.81,Canada,422.55,AI/ML,No
Company_567,78.29,India,469.3,E-commerce,No
Company_568,59.43,Singapore,366.69,FinTech,Yes
Company_569,38.05,USA,13.44,SaaS,No
Company_570,14.77,Germany,76.32,Marketing,No
Company_571,62.27,Germany,16.57,Logistics,No
Company_572,-5.09,Singapore,138.24,HealthTech,Yes
Company_573,89.69,UAE,487.67,Logistics,No
Company_574,37.18,USA,390.59,E-commerce,Yes
Company_575,43.63,UAE,32.79,FinTech,No
Company_576,51.82,Canada,270.89,SaaS,Yes
Company_577,28.21,Australia,126.02,Logistics,No
Company_578,50.32,UAE,284.48,Marketing,Yes
Company_579,-4.25,Germany,395.98,EdTech,Yes
Company_580,44.39,Canada,135.7,HealthTech,Yes
Company_581,11.79,UAE,175.75,HealthTech,Yes
Company_582,94.17,Germany,181.26,SaaS,Yes
Company_583,6.64,Germany,214.82,SaaS,Yes
Company_584,65.21,USA,266.46,AI/ML,Yes
Company_585,84.62,India,275.85,Marketing,No
Company_586,50.37,India,50.05,EdTech,No
Company_587,43.32,Canada,79.07,EdTech,No
Company_588,13.77,India,236.52,Logistics,Yes
Company_589,61.61,Singapore,152.39,Marketing,No
Company_590,2.31,UK,235.03,Logistics,Yes
Company_591,76.49,UAE,176.49,AI/ML,No
Company_592,49.93,Germany,380.81,EdTech,Yes
Company_593,12.54,Canada,333.22,E-commerce,No
Company_594,18.1,Canada,231.11,FinTech,No
Company_595,74.92,Australia,280.73,Logistics,No
Company_596,27.8,Germany,273.96,E-commerce,Yes
Company_597,1.6,Germany,231.33,HealthTech,No
Company_598,0.27,Canada,482.59,Logistics,No
Company_599,47.57,UAE,184.77,SaaS,No
Company_600,20.41,UAE,400.98,Marketing,Yes
Company_601,90.66,UAE,264.89,E-commerce,No
Company_602,51.36,India,165.21,HealthTech,Yes
Company_603,89.68,India,92.74,EdTech,Yes
Company_604,55.79,Australia,100.27,AI/ML,No
Company_605,61.97,UK,163.45,EdTech,No
Company_606,96.45,UK,442.38,E-commerce,Yes
Company_607,45.57,UAE,494.32,AI/ML,Yes
Company_608,3.47,Singapore,320.99,E-commerce,No
Company_609,87.01,Australia,331.51,Logistics,Yes
Company_610,65.55,UK,268.43,SaaS,No
Company_611,87.93,Singapore,195.72,HealthTech,Yes
Company_612,27.05,USA,411.34,FinTech,No
Company_613,68.13,Germany,494.15,FinTech,Yes
Company_614,61.68,USA,185.32,FinTech,No
Company_615,81.11,Germany,267.46,Logistics,Yes
Company_616,2.42,India,59.31,AI/ML,Yes
Company_617,5.62,USA,372.44,FinTech,No
Company_618,57.52,Australia,314.25,EdTech,Yes
Company_619,82.56,UK,423.43,HealthTech,Yes
Company_620,-6.58,Canada,341.33,FinTech,Yes
Company_621,65.5,Germany,344.02,EdTech,Yes
Company_622,62.08,USA,420.15,Marketing,No
Company_623,60.72,Germany,434.53,Marketing,No
Company_624,29.64,Canada,26.26,AI/ML,Yes
Company_625,61.85,Singapore,452.77,SaaS,Yes
Company_626,78.81,Germany,335.84,FinTech,Yes
Company_627,89.79,UK,10.09,HealthTech,Yes
Company_628,32.87,Singapore,235.58,E-commerce,Yes
Company_629,50.13,UK,212.25,Marketing,No
Company_630,42.7,USA,30.59,Logistics,No
Company_631,90.99,Australia,72.45,SaaS,Yes
Company_632,97.01,UK,379.44,SaaS,No
Company_633,-8.02,Australia,314.46,SaaS,Yes
Company_634,59.11,USA,147.95,Marketing,No
Company_635,2.38,Singapore,68.92,E-commerce,No
Company_636,18.96,USA,16.08,Logistics,No
Company_637,23.14,UK,46.38,SaaS,Yes
Company_638,70.33,USA,33.59,E-commerce,No
Company_639,83.75,USA,171.9,EdTech,Yes
Company_640,98.79,Australia,48.69,AI/ML,No
Company_641,77.4,Singapore,220.3,HealthTech,No
Company_642,76.81,Canada,265.51,AI/ML,No
Company_643,81.45,UK,249.3,AI/ML,Yes
Company_644,47.78,USA,337.91,SaaS,No
Company_645,86.69,USA,22.32,Marketing,Yes
Company_646,-0.96,Singapore,222.95,Marketing,Yes
Company_647,56.21,India,90.76,EdTech,No
Company_648,94.29,Singapore,299.93,AI/ML,Yes
Company_649,16.12,Australia,74.53,E-commerce,No
Company_650,76.54,UK,329.59,FinTech,No
Company_651,56.07,Australia,492.08,Logistics,Yes
Company_652,34.77,Singapore,134.65,SaaS,Yes
Company_653,41.97,India,454.62,HealthTech,No
Company_654,41.66,USA,172.36,SaaS,Yes
Company_655,11.57,UK,229.26,E-commerce,No
Company_656,55.0,Canada,12.7,EdTech,Yes
Company_657,14.1,UK,423.52,SaaS,No
Company_658,40.91,Canada,290.3,EdTech,No
Company_659,22.28,Singapore,146.13,Logistics,Yes
Company_660,21.3,USA,65.78,HealthTech,Yes
Company_661,45.82,USA,24.54,Logistics,Yes
Company_662,-5.07,UK,74.43,EdTech,Yes
Company_663,33.4,Germany,367.63,Logistics,No
Company_664,63.8,Canada,307.87,Logistics,Yes
Company_665,80.62,Australia,477.48,AI/ML,No
Company_666,84.92,Singapore,35.06,AI/ML,Yes
Company_667,-3.45,Australia,437.08,FinTech,No
Company_668,63.18,USA,233.56,FinTech,Yes
Company_669,3.31,Germany,279.3,SaaS,Yes
Company_670,34.47,UK,183.84,Marketing,No
Company_671,63.54,USA,326.76,HealthTech,Yes
Company_672,55.86,Singapore,321.69,EdTech,Yes
Company_673,57.38,Germany,94.21,EdTech,Yes
Company_674,71.51,Canada,42.56,Logistics,No
Company_675,5.64,USA,350.49,E-commerce,Yes
Company_676,39.37,Australia,292.83,FinTech,Yes
Company_677,3.53,USA,115.87,SaaS,Yes
Company_678,79.84,Singapore,424.35,EdTech,Yes
Company_679,37.29,UK,48.03,SaaS,Yes
Company_680,84.79,Singapore,228.75,FinTech,No
Company_681,80.47,Germany,293.84,SaaS,Yes
Company_682,0.88,UK,295.28,FinTech,Yes
Company_683,56.12,Germany,202.56,Logistics,Yes
Company_684,46.28,Germany,220.96,E-commerce,Yes
Company_685,87.91,USA,473.86,HealthTech,Yes
Company_686,46.9,India,322.08,HealthTech,Yes
Company_687,-2.11,Singapore,302.03,SaaS,No
Company_688,83.19,UAE,188.65,E-commerce,No
Company_689,98.68,USA,61.58,SaaS,Yes
Company_690,96.92,Singapore,23.49,HealthTech,Yes
Company_691,96.04,Germany,58.66,EdTech,No
Company_692,91.82,UK,88.41,FinTech,No
Company_693,73.18,Australia,249.05,FinTech,Yes
Company_694,81.9,Canada,478.4,AI/ML,Yes
Company_695,87.72,Germany,497.48,SaaS,Yes
Company_696,-0.3,UK,480.96,E-commerce,Yes
Company_697,32.41,UAE,389.03,AI/ML,Yes
Company_698,42.57,Canada,275.44,EdTech,Yes
Company_699,81.7,UK,184.53,FinTech,No
Company_700,67.99,India,38.25,EdTech,Yes
Company_701,19.73,Germany,417.04,E-commerce,Yes
Company_702,8.18,Australia,78.21,HealthTech,Yes
Company_703,58.89,UK,111.58,AI/ML,Yes
Company_704,70.8,India,315.47,SaaS,No
Company_705,58.27,Canada,368.1,Logistics,No
Company_706,83.78,Canada,276.08,HealthTech,Yes
Company_707,96.04,Canada,303.57,EdTech,Yes
Company_708,40.43,Singapore,74.02,HealthTech,Yes
Company_709,3.73,USA,343.57,SaaS,No
Company_710,-6.21,Singapore,82.91,HealthTech,No
Company_711,97.91,Germany,379.76,EdTech,Yes
Company_712,23.27,Germany,150.03,SaaS,No
Company_713,73.8,Australia,306.82,Logistics,Yes
Company_714,29.85,USA,434.13,EdTech,Yes
Company_715,34.83,UK,305.04,Marketing,No
Company_716,78.72,UK,108.23,SaaS,No
Company_717,83.94,USA,323.7,SaaS,No
Company_718,16.44,Australia,442.9,HealthTech,Yes
Company_719,46.15,Singapore,118.17,Marketing,No
Company_720,73.89,Singapore,346.98,HealthTech,Yes
Company_721,66.18,India,319.95,AI/ML,No
Company_722,80.18,USA,146.59,Logistics,No
Company_723,95.32,Australia,495.37,FinTech,No
Company_724,99.41,UAE,154.36,Marketing,Yes
Company_725,71.17,USA,320.12,Marketing,Yes
Company_726,-9.38,UAE,386.77,Logistics,Yes
Company_727,74.27,Germany,353.02,Marketing,No
Company_728,33.9,India,48.05,Logistics,No
Company_729,34.78,Singapore,160.01,Logistics,Yes
Company_730,59.53,Canada,474.37,FinTech,Yes
Company_731,95.06,UK,435.78,FinTech,No
Company_732,2.42,India,399.31,Logistics,No
Company_733,-4.48,India,357.95,Logistics,Yes
Company_734,13.22,India,147.69,Logistics,Yes
Company_735,92.22,Singapore,140.42,EdTech,Yes
Company_736,54.16,Australia,120.75,SaaS,No
Company_737,97.69,Canada,115.17,HealthTech,Yes
Company_738,73.56,Australia,445.44,Marketing,No
Company_739,39.43,India,412.5,EdTech,No
Company_740,60.08,India,128.55,E-commerce,No
Company_741,80.48,UAE,152.09,EdTech,Yes
Company_742,3.19,UK,389.92,FinTech,No
Company_743,44.64,Singapore,442.18,Logistics,No
Company_744,69.39,USA,376.84,Marketing,Yes
Company_745,-9.99,India,393.68,FinTech,No
Company_746,55.28,USA,40.72,FinTech,No
Company_747,-9.58,Canada,470.82,Logistics,Yes
Company_748,92.4,USA,186.51,HealthTech,Yes
Company_749,82.7,Germany,290.19,FinTech,Yes
Company_750,93.73,UK,455.87,Logistics,No
Company_751,96.05,Canada,66.85,Marketing,No
Company_752,52.11,Germany,320.03,Logistics,Yes
Company_753,-9.52,Australia,134.57,HealthTech,Yes
Company_754,10.11,UAE,382.91,SaaS,No
Company_755,67.28,Singapore,141.79,E-commerce,Yes
Company_756,59.78,Canada,33.61,AI/ML,No
Company_757,95.25,Germany,434.25,HealthTech,Yes
Company_758,2.21,UAE,190.67,E-commerce,Yes
Company_759,-4.24,USA,101.15,AI/ML,Yes
Company_760,35.74,India,113.88,SaaS,No
Company_761,41.95,UAE,327.38,E-commerce,Yes
Company_762,72.94,Canada,154.7,Logistics,No
Company_763,61.68,India,371.18,EdTech,No
Company_764,-4.26,Germany,359.47,EdTech,Yes
Company_765,87.92,Germany,31.07,AI/ML,Yes
Company_766,80.56,Singapore,262.77,E-commerce,Yes
Company_767,81.9,Singapore,128.53,EdTech,No
Company_768,82.21,USA,70.94,FinTech,Yes
Company_769,44.22,Australia,171.82,E-commerce,No
Company_770,19.33,Canada,237.41,E-commerce,No
Company_771,47.09,Singapore,383.53,Marketing,No
Company_772,19.4,USA,265.44,FinTech,No
Company_773,3.81,Canada,47.43,Marketing,No
Company_774,30.45,Canada,140.14,Logistics,No
Company_775,22.26,USA,372.12,Marketing,No
Company_776,60.6,Germany,10.66,HealthTech,Yes
Company_777,61.11,Australia,440.84,HealthTech,Yes
Company_778,50.17,UAE,393.77,SaaS,No
Company_779,40.38,Singapore,84.64,Logistics,Yes
Company_780,68.11,Canada,130.84,E-commerce,Yes
Company_781,72.22,Australia,339.1,E-commerce,No
Company_782,98.92,Australia,394.74,Logistics,No
Company_783,49.89,Australia,285.03,EdTech,Yes
Company_784,12.55,India,105.96,FinTech,Yes
Company_785,58.47,India,164.42,HealthTech,Yes
Company_786,97.98,UAE,321.62,Marketing,Yes
Company_787,64.15,UK,406.83,Marketing,No
Company_788,27.11,Singapore,240.29,Marketing,Yes
Company_789,67.85,India,348.15,FinTech,Yes
Company_790,44.7,USA,229.36,EdTech,Yes
Company_791,95.37,UK,382.93,Logistics,Yes
Company_792,94.4,Singapore,47.36,EdTech,No
Company_793,78.77,India,277.96,EdTech,Yes
Company_794,40.45,UK,91.22,AI/ML,No
Company_795,13.01,UK,340.43,SaaS,No
Company_796,99.45,India,428.35,E-commerce,No
Company_797,95.67,UAE,321.9,E-commerce,No
Company_798,34.73,UK,490.76,SaaS,No
Company_799,18.55,USA,460.5,Marketing,Yes
Company_800,13.54,India,490.78,E-commerce,No
Company_801,77.19,UK,183.97,SaaS,Yes
Company_802,33.47,UAE,488.88,Marketing,No
Company_803,7.78,UAE,388.81,E-commerce,Yes
Company_804,15.52,UK,336.63,HealthTech,No
Company_805,52.16,Singapore,429.05,E-commerce,Yes
Company_806,81.89,Germany,184.94,Logistics,No
Company_807,15.15,UK,32.57,FinTech,No
Company_808,9.57,Australia,367.14,HealthTech,No
Company_809,37.16,USA,207.35,E-commerce,Yes
Company_810,-9.95,Germany,151.55,Logistics,Yes
Company_811,91.15,UK,252.39,SaaS,Yes
Company_812,42.97,UK,202.3,AI/ML,No
Company_813,91.03,USA,227.74,FinTech,No
Company_814,58.42,Canada,132.99,E-commerce,Yes
Company_815,29.44,Germany,425.16,SaaS,No
Company_816,86.51,Germany,59.88,FinTech,Yes
Company_817,14.29,USA,122.06,SaaS,Yes
Company_818,6.3,UAE,148.41,AI/ML,No
Company_819,53.98,UK,286.03,AI/ML,Yes
Company_820,25.9,UK,148.42,E-commerce,Yes
Company_821,88.35,Australia,424.47,AI/ML,Yes
Company_822,73.94,Australia,243.4,Marketing,No
Company_823,12.51,Canada,135.1,Logistics,Yes
Company_824,55.32,Singapore,111.47,SaaS,Yes
Company_825,-2.41,Australia,440.95,SaaS,Yes
Company_826,0.46,UK,419.55,AI/ML,No
Company_827,66.3,UAE,182.78,E-commerce,Yes
Company_828,46.72,USA,274.16,Logistics,No
Company_829,36.78,Canada,201.99,AI/ML,No
Company_830,48.52,Canada,214.12,EdTech,No
Company_831,-3.99,India,108.27,Marketing,No
Company_832,-8.89,Germany,122.9,HealthTech,No
Company_833,70.23,Germany,161.94,HealthTech,Yes
Company_834,60.47,USA,425.73,Marketing,No
Company_835,23.32,Singapore,410.83,Logistics,Yes
Company_836,19.86,USA,191.76,HealthTech,Yes
Company_837,78.74,Australia,118.04,EdTech,Yes
Company_838,49.67,UAE,333.9,HealthTech,Yes
Company_839,49.89,India,20.13,FinTech,Yes
Company_840,46.94,USA,476.59,FinTech,No
Company_841,19.19,Germany,475.11,Marketing,Yes
Company_842,4.29,Canada,60.23,SaaS,Yes
Company_843,45.98,Germany,486.49,Marketing,No
Company_844,7.49,Australia,360.02,HealthTech,No
Company_845,91.31,Australia,71.31,AI/ML,No
Company_846,27.91,India,405.46,AI/ML,Yes
Company_847,27.99,Singapore,335.92,AI/ML,Yes
Company_848,3.08,USA,366.26,Marketing,Yes
Company_849,94.18,USA,162.87,FinTech,Yes
Company_850,45.73,UAE,369.88,FinTech,Yes
Company_851,-7.23,Germany,70.95,EdTech,No
Company_852,57.75,India,224.45,E-commerce,No
Company_853,67.54,UK,356.03,SaaS,Yes
Company_854,49.48,Canada,257.35,HealthTech,No
Company_855,84.89,Canada,481.14,EdTech,Yes
Company_856,94.77,UAE,74.54,FinTech,Yes
Company_857,7.3,Germany,316.26,FinTech,No
Company_858,79.81,USA,400.37,Marketing,No
Company_859,58.74,UK,426.83,Marketing,Yes
Company_860,59.08,Germany,340.27,E-commerce,Yes
Company_861,50.37,Singapore,201.43,AI/ML,Yes
Company_862,35.28,Singapore,173.68,SaaS,No
Company_863,34.5,Singapore,131.09,SaaS,No
Company_864,-0.77,USA,345.87,AI/ML,Yes
Company_865,-3.78,Australia,196.91,SaaS,Yes
Company_866,76.33,Australia,319.82,EdTech,Yes
Company_867,36.02,Singapore,304.54,E-commerce,Yes
Company_868,25.78,Australia,221.69,SaaS,No
Company_869,-2.57,Canada,488.78,FinTech,No
Company_870,50.26,Germany,207.76,AI/ML,No
Company_871,67.5,USA,110.18,SaaS,No
Company_872,-1.86,UK,110.61,SaaS,Yes
Company_873,19.54,Germany,279.31,EdTech,No
Company_874,5.83,Australia,47.72,AI/ML,Yes
Company_875,94.66,UK,220.88,E-commerce,No
Company_876,40.38,UK,327.77,EdTech,Yes
Company_877,-8.34,UK,192.9,HealthTech,No
Company_878,39.58,UAE,308.9,SaaS,Yes
Company_879,19.82,Germany,10.99,E-commerce,Yes
Company_880,2.88,USA,85.87,Marketing,Yes
Company_881,71.02,UAE,13.27,Logistics,No
Company_882,58.77,Singapore,343.25,E-commerce,Yes
Company_883,-8.31,Germany,468.77,SaaS,No
Company_884,93.36,India,205.53,AI/ML,No
Company_885,10.74,UAE,115.19,EdTech,Yes
Company_886,44.78,UK,222.46,HealthTech,No
Company_887,72.32,Australia,405.52,Marketing,Yes
Company_888,79.9,UK,364.49,FinTech,Yes
Company_889,54.84,USA,277.97,SaaS,No
Company_890,67.1,Canada,54.78,SaaS,Yes
Company_891,86.52,UAE,456.65,Logistics,Yes
Company_892,29.16,Singapore,142.7,Logistics,No
Company_893,-3.12,Canada,218.14,EdTech,No
Company_894,55.68,UAE,49.76,Logistics,Yes
Company_895,82.23,Singapore,197.81,E-commerce,Yes
Company_896,21.16,UAE,108.14,FinTech,No
Company_897,71.72,UAE,493.95,Logistics,Yes
Company_898,74.78,USA,461.18,EdTech,Yes
Company_899,49.22,USA,433.94,SaaS,No
Company_900,84.58,India,395.82,AI/ML,No
Company_901,59.33,UK,322.6,EdTech,No
Company_902,44.94,India,328.17,AI/ML,Yes
Company_903,-2.96,India,255.04,Logistics,Yes
Company_904,55.87,Canada,157.51,Logistics,Yes
Company_905,-3.82,Singapore,23.87,E-commerce,Yes
Company_906,20.91,UK,210.74,FinTech,Yes
Company_907,18.63,Singapore,64.82,AI/ML,Yes
Company_908,76.52,Germany,335.47,Marketing,Yes
Company_909,79.55,Germany,228.64,E-commerce,Yes
Company_910,-9.12,Germany,132.48,Logistics,No
Company_911,48.91,Canada,373.84,FinTech,No
Company_912,85.99,Canada,160.82,Logistics,Yes
Company_913,94.81,Germany,319.79,SaaS,No
Company_914,19.86,UAE,439.4,AI/ML,Yes
Company_915,33.2,UK,416.15,Marketing,No
Company_916,47.38,Canada,341.7,SaaS,No
Company_917,84.46,UK,213.11,Marketing,No
Company_918,22.55,Australia,340.09,AI/ML,No
Company_919,66.33,Australia,249.79,AI/ML,Yes
Company_920,71.47,Canada,362.18,EdTech,No
Company_921,46.64,Singapore,275.27,EdTech,Yes
Company_922,35.56,UAE,446.52,EdTech,No
Company_923,28.97,Germany,295.25,FinTech,Yes
Company_924,13.31,UK,130.22,Marketing,Yes
Company_925,33.01,UK,174.48,EdTech,No
Company_926,52.91,UK,282.87,Marketing,Yes
Company_927,37.18,UK,342.7,Logistics,Yes
Company_928,72.9,Canada,255.06,HealthTech,Yes
Company_929,85.76,India,20.85,Marketing,Yes
Company_930,66.63,Canada,67.43,AI/ML,Yes
Company_931,5.71,India,261.02,AI/ML,Yes
Company_932,74.13,UK,110.12,SaaS,Yes
Company_933,36.12,USA,309.55,HealthTech,Yes
Company_934,64.06,UK,284.73,AI/ML,Yes
Company_935,65.75,Germany,441.97,EdTech,No
Company_936,66.7,UAE,419.7,SaaS,No
Company_937,82.77,UK,72.42,EdTech,Yes
Company_938,48.47,Canada,99.89,FinTech,Yes
Company_939,87.08,UK,16.55,EdTech,No
Company_940,61.26,India,451.87,Logistics,No
Company_941,-2.63,Singapore,244.84,Marketing,Yes
Company_942,71.74,Australia,42.62,SaaS,Yes
Company_943,-1.85,India,261.55,EdTech,Yes
Company_944,15.47,Canada,283.94,AI/ML,Yes
Company_945,14.21,Singapore,367.33,Logistics,Yes
Company_946,67.73,Germany,237.48,E-commerce,Yes
Company_947,62.24,UK,465.35,EdTech,Yes
Company_948,81.45,UAE,247.15,E-commerce,Yes
Company_949,78.49,Canada,60.8,Logistics,Yes
Company_950,53.91,USA,296.02,AI/ML,No
Company_951,72.69,Australia,341.96,E-commerce,Yes
Company_952,-8.39,UK,314.03,AI/ML,Yes
Company_953,8.69,USA,180.01,EdTech,Yes
Company_954,7.45,UAE,381.77,HealthTech,Yes
Company_955,61.95,Germany,427.77,AI/ML,No
Company_956,73.41,Germany,242.22,AI/ML,Yes
Company_957,19.8,UAE,298.37,SaaS,No
Company_958,55.97,India,218.18,E-commerce,No
Company_959,45.78,Australia,283.38,FinTech,No
Company_960,4.7,UK,412.7,FinTech,No
Company_961,77.59,UAE,279.18,SaaS,Yes
Company_962,60.04,UK,321.82,SaaS,No
Company_963,19.65,Germany,236.93,EdTech,Yes
Company_964,62.02,Australia,139.67,Marketing,Yes
Company_965,79.64,Germany,236.15,Marketing,No
Company_966,76.54,India,352.48,E-commerce,Yes
Company_967,37.56,USA,237.36,EdTech,No
Company_968,35.68,UAE,129.26,AI/ML,No
Company_969,-5.71,India,394.05,SaaS,No
Company_970,12.12,UAE,169.39,AI/ML,Yes
Company_971,99.58,Singapore,56.22,Logistics,Yes
Company_972,79.4,Canada,42.96,Logistics,Yes
Company_973,99.88,UK,467.45,HealthTech,No
Company_974,64.17,UK,498.84,HealthTech,Yes
Company_975,-5.56,Canada,165.87,HealthTech,No
Company_976,88.09,Canada,394.03,HealthTech,No
Company_977,24.41,UAE,162.98,EdTech,No
Company_978,-8.11,UAE,315.63,Logistics,No
Company_979,-5.72,Australia,260.7,FinTech,Yes
Company_980,93.23,Canada,433.57,FinTech,Yes
Company_981,53.9,Canada,322.78,HealthTech,Yes
Company_982,64.37,Canada,200.72,E-commerce,No
Company_983,55.65,UAE,195.77,FinTech,Yes
Company_984,58.04,Australia,113.7,HealthTech,Yes
Company_985,97.92,Germany,431.91,FinTech,No
Company_986,93.39,Singapore,36.14,HealthTech,Yes
Company_987,64.23,Australia,433.18,Logistics,Yes
Company_988,91.76,Germany,255.18,SaaS,Yes
Company_989,66.68,USA,44.2,EdTech,Yes
Company_990,72.26,Australia,303.66,Marketing,No
Company_991,67.57,Singapore,294.07,SaaS,Yes
Company_992,94.36,India,19.38,Logistics,Yes
Company_993,57.07,UK,232.25,Logistics,No
Company_994,65.43,Singapore,272.61,Logistics,No
Company_995,34.21,Canada,296.4,SaaS,No
Company_996,60.68,Singapore,295.76,Logistics,No
Company_997,29.04,Singapore,354.29,AI/ML,No
Company_998,15.39,USA,307.36,E-commerce,Yes
Company_999,87.12,Singapore,302.42,Logistics,Yes
Company_1000,97.38,UAE,106.36,AI/ML,Yes
